{
  "version": 1,
  "dependencies": [
    {
      "source": {
        "git": {
          "remote": "https://github.com/brancz/kubernetes-grafana",
          "subdir": "grafana"
        }
      },
      "version": "5698c8940b6dadca3f42107b7839557bc041761f"
    },
    {
      "source": {
        "git": {
          "remote": "https://github.com/grafana/grafana",
          "subdir": "grafana-mixin"
        }
      },
      "version": "release-11.2.0",
      "name": "grafana-mixin"
    },
    {
      "source": {
        "git": {
          "remote": "https://github.com/etcd-io/etcd",
          "subdir": "contrib/mixin"
        }
      },
      "version": "release-3.5"
    },
    {
      "source": {
        "git": {
          "remote": "https://github.com/prometheus-operator/prometheus-operator",
          "subdir": "jsonnet/prometheus-operator"
        }
      },
      "version": "release-0.76"
    },
    {
      "source": {
        "git": {
          "remote": "https://github.com/prometheus-operator/prometheus-operator",
          "subdir": "jsonnet/mixin"
        }
      },
      "version": "release-0.76",
      "name": "prometheus-operator-mixin"
    },
    {
      "source": {
        "git": {
          "remote": "https://github.com/kubernetes-monitoring/kubernetes-mixin",
          "subdir": ""
        }
      },
      "version": "50150c585ebee6e4d9cb72218182da8f3c616515"
    },
    {
      "source": {
        "git": {
          "remote": "https://github.com/kubernetes/kube-state-metrics",
          "subdir": "jsonnet/kube-state-metrics"
        }
      },
      "version": "release-2.13"
    },
    {
      "source": {
        "git": {
          "remote": "https://github.com/kubernetes/kube-state-metrics",
          "subdir": "jsonnet/kube-state-metrics-mixin"
        }
      },
      "version": "release-2.13"
    },
    {
      "source": {
        "git": {
          "remote": "https://github.com/prometheus/node_exporter",
          "subdir": "docs/node-mixin"
        }
      },
      "version": "release-1.8"
    },
    {
      "source": {
        "git": {
          "remote": "https://github.com/prometheus/prometheus",
          "subdir": "documentation/prometheus-mixin"
        }
      },
      "version": "release-2.54",
      "name": "prometheus"
    },
    {
      "source": {
        "git": {
          "remote": "https://github.com/prometheus/alertmanager",
          "subdir": "doc/alertmanager-mixin"
        }
      },
      "version": "release-0.27",
      "name": "alertmanager"
    },
    {
      "source": {
        "git": {
          "remote": "https://github.com/pyrra-dev/pyrra.git",
          "subdir": "jsonnet/controller-gen"
        }
      },
      "version": "v0.7.7",
      "name": "pyrra"
    },
    {
      "source": {
        "git": {
          "remote": "https://github.com/thanos-io/thanos",
          "subdir": "mixin"
        }
      },
      "version": "release-0.36",
      "name": "thanos-mixin"
    }
  ],
  "legacyImports": true
}
